Gene ID	Gene Name	adipose tissue	adrenal gland	bone marrow	cerebral cortex	colon	duodenum	endometrium	esophagus	fallopian tube	gall bladder	heart	kidney	liver	lung	lymph node	ovary	pancreas	placenta	prostate gland	rectum	saliva-secreting gland	skeletal muscle tissue	small intestine	smooth muscle tissue	spleen	stomach	testis	thyroid gland	tonsil	urinary bladder	vermiform appendix	zone of skin
ENSG00000003756	RBM5	32.0	36.0	56.0	39.0	26.0	34.0	139.0	31.0	86.0	62.0	15.0	15.0	10.0	54.0	85.0	115.0	9.0	57.0	76.0	46.0	24.0	11.0	37.0	60.0	77.0	33.0	62.0	69.0	53.0	43.0	63.0	103.0
ENSG00000005075	POLR2J	13.0	34.0	42.0	20.0	18.0	27.0	25.0	12.0	30.0	23.0	17.0	13.0	7.0	29.0	33.0	32.0	6.0	30.0	33.0	14.0	19.0	27.0	27.0	17.0	34.0	17.0	27.0	22.0	21.0	15.0	32.0	22.0
ENSG00000005436	GCFC2	13.0	16.0	7.0	11.0	12.0	9.0	37.0	13.0	25.0	16.0	7.0	13.0	14.0	14.0	19.0	26.0	3.0	19.0	23.0	12.0	8.0	6.0	10.0	23.0	15.0	10.0	21.0	37.0	14.0	16.0	16.0	19.0
ENSG00000011304	PTBP1	60.0	66.0	154.0	24.0	78.0	89.0	110.0	76.0	100.0	94.0	15.0	56.0	38.0	104.0	137.0	105.0	22.0	165.0	93.0	52.0	57.0	8.0	98.0	67.0	140.0	74.0	73.0	112.0	77.0	79.0	138.0	86.0
ENSG00000021776	AQR	13.0	15.0	15.0	17.0	16.0	12.0	29.0	17.0	23.0	22.0	5.0	12.0	6.0	18.0	24.0	22.0	3.0	23.0	18.0	19.0	8.0	1.0	13.0	20.0	20.0	13.0	25.0	32.0	22.0	19.0	24.0	20.0
ENSG00000039123	MTREX	30.0	40.0	25.0	41.0	37.0	39.0	68.0	43.0	56.0	50.0	19.0	31.0	20.0	40.0	57.0	59.0	7.0	46.0	53.0	41.0	19.0	13.0	36.0	51.0	41.0	32.0	73.0	72.0	48.0	47.0	47.0	45.0
ENSG00000047315	POLR2B	48.0	62.0	70.0	82.0	70.0	56.0	102.0	62.0	96.0	94.0	42.0	48.0	22.0	69.0	128.0	81.0	12.0	77.0	76.0	79.0	29.0	25.0	58.0	98.0	86.0	53.0	101.0	121.0	107.0	92.0	107.0	61.0
ENSG00000060339	CCAR1	34.0	58.0	55.0	38.0	41.0	43.0	86.0	46.0	54.0	71.0	14.0	28.0	17.0	46.0	102.0	62.0	9.0	67.0	68.0	59.0	21.0	13.0	47.0	59.0	71.0	42.0	59.0	83.0	66.0	67.0	77.0	63.0
ENSG00000060688	SNRNP40	17.0	25.0	32.0	15.0	28.0	16.0	36.0	20.0	38.0	24.0	7.0	15.0	10.0	25.0	44.0	31.0	3.0	29.0	29.0	25.0	8.0	4.0	16.0	27.0	29.0	17.0	35.0	33.0	46.0	27.0	33.0	23.0
ENSG00000063244	U2AF2	64.0	82.0	154.0	87.0	80.0	94.0	126.0	78.0	147.0	93.0	34.0	50.0	29.0	111.0	176.0	158.0	17.0	129.0	107.0	62.0	46.0	18.0	94.0	112.0	172.0	87.0	124.0	110.0	125.0	90.0	159.0	77.0
ENSG00000065978	YBX1	629.0	324.0	905.0	169.0	647.0	402.0	540.0	469.0	419.0	404.0	432.0	290.0	208.0	540.0	734.0	443.0	72.0	503.0	388.0	570.0	167.0	588.0	451.0	649.0	669.0	380.0	2103.0	462.0	564.0	486.0	810.0	317.0
ENSG00000066044	ELAVL1	22.0	30.0	21.0	43.0	29.0	21.0	49.0	29.0	53.0	32.0	15.0	21.0	15.0	36.0	50.0	47.0	6.0	42.0	39.0	28.0	16.0	7.0	23.0	42.0	42.0	22.0	67.0	43.0	44.0	35.0	41.0	25.0
ENSG00000068394	GPKOW	33.0	34.0	32.0	53.0	31.0	30.0	47.0	33.0	61.0	40.0	20.0	26.0	18.0	42.0	42.0	43.0	5.0	47.0	42.0	31.0	15.0	17.0	31.0	44.0	47.0	27.0	29.0	49.0	33.0	35.0	35.0	38.0
ENSG00000071894	CPSF1	25.0	31.0	79.0	21.0	29.0	104.0	55.0	34.0	58.0	55.0	14.0	20.0	11.0	50.0	63.0	67.0	14.0	58.0	82.0	20.0	45.0	9.0	68.0	39.0	100.0	34.0	150.0	41.0	21.0	35.0	73.0	37.0
ENSG00000076924	XAB2	22.0	24.0	70.0	25.0	16.0	23.0	33.0	22.0	48.0	22.0	10.0	21.0	9.0	38.0	44.0	76.0	9.0	43.0	41.0	7.0	28.0	8.0	24.0	20.0	56.0	23.0	62.0	41.0	13.0	22.0	31.0	28.0
ENSG00000077312	SNRPA	30.0	30.0	67.0	25.0	37.0	43.0	73.0	35.0	73.0	30.0	15.0	17.0	10.0	47.0	89.0	89.0	7.0	58.0	50.0	42.0	22.0	9.0	50.0	51.0	89.0	35.0	47.0	60.0	58.0	32.0	63.0	38.0
ENSG00000084072	PPIE	14.0	15.0	16.0	13.0	12.0	13.0	25.0	14.0	31.0	15.0	7.0	9.0	6.0	15.0	23.0	33.0	5.0	20.0	19.0	19.0	9.0	4.0	14.0	20.0	24.0	9.0	32.0	33.0	25.0	17.0	21.0	20.0
ENSG00000084463	WBP11	45.0	59.0	112.0	79.0	51.0	35.0	89.0	52.0	89.0	60.0	37.0	38.0	24.0	68.0	83.0	82.0	11.0	74.0	63.0	51.0	30.0	20.0	41.0	72.0	75.0	44.0	137.0	90.0	74.0	59.0	71.0	59.0
ENSG00000085872	CHERP	11.0	10.0	17.0	17.0	9.0	13.0	20.0	11.0	22.0	13.0	5.0	10.0	5.0	13.0	19.0	25.0	4.0	20.0	17.0	5.0	13.0	6.0	12.0	11.0	27.0	13.0	28.0	17.0	8.0	11.0	18.0	10.0
ENSG00000086589	RBM22	42.0	41.0	112.0	53.0	41.0	43.0	106.0	38.0	78.0	76.0	20.0	29.0	18.0	66.0	93.0	95.0	9.0	76.0	50.0	57.0	22.0	14.0	45.0	70.0	81.0	41.0	39.0	77.0	78.0	56.0	69.0	52.0
ENSG00000087087	SRRT	45.0	57.0	165.0	57.0	44.0	56.0	101.0	52.0	93.0	79.0	23.0	36.0	26.0	81.0	134.0	103.0	14.0	89.0	86.0	46.0	43.0	15.0	60.0	70.0	114.0	58.0	268.0	81.0	66.0	62.0	110.0	96.0
ENSG00000087365	SF3B2	51.0	50.0	96.0	68.0	49.0	46.0	99.0	51.0	125.0	68.0	24.0	39.0	23.0	77.0	96.0	127.0	13.0	86.0	64.0	59.0	31.0	10.0	49.0	88.0	85.0	47.0	124.0	110.0	91.0	63.0	82.0	67.0
ENSG00000089280	FUS	82.0	70.0	158.0	101.0	60.0	64.0	196.0	45.0	120.0	93.0	27.0	43.0	19.0	105.0	220.0	170.0	11.0	94.0	112.0	76.0	36.0	26.0	71.0	97.0	170.0	64.0	149.0	107.0	121.0	59.0	174.0	121.0
ENSG00000090060	PAPOLA	40.0	61.0	54.0	42.0	59.0	47.0	95.0	58.0	79.0	87.0	26.0	36.0	33.0	61.0	94.0	89.0	11.0	80.0	59.0	65.0	32.0	8.0	57.0	73.0	79.0	58.0	98.0	98.0	77.0	74.0	83.0	58.0
ENSG00000092199	HNRNPC	78.0	138.0	209.0	132.0	106.0	83.0	224.0	109.0	192.0	142.0	45.0	82.0	60.0	112.0	246.0	229.0	16.0	174.0	140.0	117.0	51.0	21.0	104.0	147.0	161.0	84.0	101.0	172.0	207.0	152.0	181.0	100.0
ENSG00000096401	CDC5L	28.0	38.0	49.0	45.0	34.0	23.0	64.0	38.0	45.0	37.0	20.0	22.0	27.0	39.0	45.0	56.0	6.0	41.0	44.0	32.0	16.0	12.0	26.0	45.0	37.0	27.0	52.0	50.0	46.0	41.0	41.0	29.0
ENSG00000099783	HNRNPM	72.0	71.0	169.0	86.0	105.0	74.0	136.0	60.0	109.0	75.0	27.0	73.0	50.0	104.0	165.0	133.0	13.0	118.0	104.0	85.0	38.0	36.0	85.0	108.0	130.0	85.0	115.0	107.0	140.0	73.0	147.0	82.0
ENSG00000099817	POLR2E	92.0	44.0	43.0	51.0	31.0	55.0	60.0	49.0	76.0	41.0	29.0	39.0	35.0	64.0	62.0	53.0	12.0	67.0	53.0	18.0	36.0	20.0	45.0	31.0	70.0	36.0	60.0	55.0	32.0	45.0	55.0	46.0
ENSG00000099995	SF3A1	55.0	56.0	97.0	66.0	59.0	47.0	114.0	61.0	115.0	75.0	22.0	51.0	27.0	90.0	111.0	138.0	14.0	85.0	80.0	62.0	34.0	16.0	51.0	107.0	112.0	60.0	148.0	107.0	96.0	67.0	99.0	70.0
ENSG00000100028	SNRPD3	48.0	76.0	89.0	70.0	91.0	77.0	128.0	78.0	124.0	72.0	43.0	78.0	59.0	97.0	151.0	111.0	13.0	113.0	119.0	85.0	44.0	36.0	87.0	96.0	98.0	75.0	74.0	143.0	141.0	86.0	107.0	71.0
ENSG00000100109	TFIP11	15.0	14.0	56.0	22.0	14.0	14.0	22.0	17.0	28.0	21.0	9.0	13.0	8.0	22.0	33.0	20.0	4.0	22.0	17.0	14.0	8.0	10.0	14.0	22.0	23.0	12.0	51.0	34.0	30.0	23.0	22.0	25.0
ENSG00000100138	SNU13	56.0	135.0	81.0	146.0	69.0	54.0	118.0	62.0	149.0	83.0	67.0	61.0	29.0	89.0	121.0	147.0	17.0	93.0	95.0	75.0	41.0	45.0	56.0	104.0	99.0	60.0	118.0	152.0	125.0	88.0	89.0	79.0
ENSG00000100142	POLR2F	9.0	9.0	8.0	21.0	10.0	7.0	12.0	6.0	14.0	8.0	5.0	9.0	9.0	9.0	9.0	15.0	2.0	10.0	11.0	6.0	8.0	6.0	8.0	9.0	8.0	8.0	11.0	8.0	6.0	6.0	9.0	7.0
ENSG00000100410	PHF5A	39.0	40.0	95.0	37.0	50.0	39.0	67.0	41.0	67.0	57.0	18.0	30.0	20.0	49.0	86.0	44.0	11.0	68.0	44.0	54.0	20.0	15.0	40.0	53.0	52.0	35.0	51.0	62.0	100.0	51.0	62.0	42.0
ENSG00000100603	SNW1	67.0	72.0	175.0	78.0	75.0	65.0	142.0	87.0	126.0	101.0	42.0	55.0	43.0	101.0	127.0	135.0	15.0	123.0	88.0	78.0	38.0	21.0	72.0	109.0	116.0	65.0	163.0	131.0	112.0	106.0	107.0	90.0
ENSG00000100650	SRSF5	243.0	303.0	568.0	194.0	156.0	197.0	659.0	236.0	384.0	378.0	93.0	109.0	72.0	348.0	497.0	538.0	33.0	304.0	529.0	217.0	139.0	72.0	256.0	249.0	480.0	170.0	246.0	472.0	235.0	210.0	355.0	545.0
ENSG00000100836	PABPN1	37.0	63.0	73.0	52.0	33.0	61.0	101.0	33.0	79.0	59.0	18.0	25.0	17.0	57.0	76.0	68.0	8.0	62.0	83.0	53.0	28.0	15.0	54.0	54.0	89.0	46.0	83.0	69.0	56.0	35.0	54.0	63.0
ENSG00000101138	CSTF1	13.0	16.0	9.0	19.0	15.0	15.0	29.0	18.0	33.0	23.0	9.0	13.0	12.0	24.0	32.0	36.0	5.0	26.0	25.0	17.0	14.0	4.0	13.0	25.0	26.0	16.0	40.0	34.0	30.0	23.0	24.0	20.0
ENSG00000101161	PRPF6	74.0	83.0	78.0	124.0	71.0	68.0	144.0	93.0	216.0	100.0	45.0	78.0	39.0	136.0	136.0	193.0	22.0	129.0	122.0	71.0	59.0	41.0	79.0	97.0	156.0	89.0	173.0	166.0	113.0	96.0	109.0	163.0
ENSG00000101343	CRNKL1	18.0	23.0	43.0	37.0	28.0	24.0	59.0	28.0	42.0	33.0	12.0	26.0	12.0	26.0	38.0	51.0	4.0	39.0	46.0	29.0	13.0	8.0	25.0	41.0	34.0	27.0	44.0	51.0	34.0	34.0	34.0	29.0
ENSG00000101811	CSTF2	12.0	23.0	23.0	23.0	29.0	21.0	31.0	50.0	34.0	27.0	8.0	15.0	6.0	22.0	36.0	26.0	2.0	22.0	27.0	32.0	10.0	3.0	21.0	31.0	25.0	15.0	51.0	30.0	56.0	30.0	33.0	23.0
ENSG00000102103	PQBP1	40.0	69.0	70.0	67.0	44.0	63.0	81.0	46.0	89.0	50.0	25.0	42.0	27.0	63.0	69.0	116.0	14.0	60.0	67.0	41.0	35.0	23.0	61.0	62.0	83.0	43.0	30.0	68.0	60.0	47.0	72.0	78.0
ENSG00000102978	POLR2C	38.0	57.0	48.0	60.0	39.0	37.0	86.0	49.0	90.0	64.0	30.0	46.0	29.0	79.0	59.0	101.0	12.0	68.0	68.0	49.0	28.0	20.0	39.0	70.0	50.0	36.0	50.0	84.0	57.0	50.0	53.0	40.0
ENSG00000104824	HNRNPL	51.0	51.0	153.0	47.0	51.0	52.0	101.0	43.0	79.0	60.0	19.0	35.0	20.0	68.0	103.0	78.0	12.0	74.0	69.0	68.0	25.0	17.0	56.0	90.0	93.0	51.0	86.0	78.0	103.0	49.0	88.0	65.0
ENSG00000104852	SNRNP70	135.0	198.0	146.0	155.0	76.0	155.0	323.0	72.0	200.0	135.0	45.0	75.0	44.0	214.0	304.0	246.0	42.0	203.0	363.0	80.0	155.0	80.0	164.0	131.0	355.0	162.0	189.0	149.0	98.0	104.0	243.0	164.0
ENSG00000104897	SF3A2	20.0	15.0	51.0	20.0	24.0	33.0	39.0	18.0	53.0	21.0	8.0	14.0	6.0	37.0	46.0	86.0	7.0	46.0	37.0	9.0	23.0	8.0	33.0	25.0	69.0	24.0	88.0	24.0	21.0	21.0	36.0	27.0
ENSG00000105258	POLR2I	8.0	7.0	9.0	12.0	7.0	7.0	10.0	11.0	28.0	10.0	10.0	6.0	3.0	8.0	8.0	18.0	4.0	8.0	13.0	3.0	9.0	8.0	6.0	8.0	10.0	6.0	29.0	17.0	5.0	11.0	5.0	10.0
ENSG00000105323	HNRNPUL1	88.0	69.0	145.0	75.0	90.0	79.0	150.0	88.0	156.0	99.0	42.0	55.0	24.0	134.0	147.0	183.0	17.0	80.0	94.0	83.0	59.0	27.0	91.0	120.0	152.0	88.0	155.0	145.0	126.0	99.0	127.0	107.0
ENSG00000105618	PRPF31	23.0	25.0	32.0	24.0	20.0	24.0	46.0	23.0	46.0	26.0	13.0	23.0	16.0	33.0	45.0	42.0	5.0	43.0	34.0	16.0	23.0	9.0	26.0	31.0	45.0	22.0	35.0	47.0	27.0	27.0	36.0	32.0
ENSG00000105705	SUGP1	11.0	18.0	13.0	22.0	11.0	14.0	16.0	11.0	19.0	12.0	7.0	11.0	4.0	17.0	23.0	17.0	3.0	17.0	20.0	10.0	9.0	5.0	14.0	14.0	27.0	13.0	42.0	17.0	15.0	12.0	20.0	17.0
ENSG00000106245	BUD31	30.0	34.0	68.0	40.0	29.0	26.0	45.0	35.0	59.0	47.0	12.0	25.0	16.0	38.0	48.0	38.0	6.0	44.0	38.0	31.0	15.0	5.0	30.0	35.0	34.0	29.0	73.0	67.0	48.0	43.0	37.0	23.0
ENSG00000106355	LSM5	15.0	19.0	20.0	17.0	22.0	17.0	29.0	13.0	21.0	19.0	8.0	15.0	14.0	16.0	32.0	28.0	4.0	17.0	22.0	21.0	7.0	7.0	17.0	17.0	18.0	14.0	15.0	33.0	24.0	15.0	21.0	14.0
ENSG00000107105	ELAVL2		3.0		72.0	0.6		1.0					0.5				3.0			0.8	0.9				0.5			96.0			0.8		
ENSG00000108349	CASC3	51.0	60.0	63.0	73.0	51.0	38.0	182.0	63.0	128.0	71.0	23.0	46.0	18.0	96.0	81.0	146.0	12.0	71.0	80.0	58.0	36.0	24.0	44.0	119.0	88.0	54.0	161.0	121.0	71.0	70.0	76.0	64.0
ENSG00000108654	DDX5	393.0	732.0	1066.0	326.0	264.0	289.0	820.0	393.0	511.0	936.0	158.0	171.0	146.0	760.0	983.0	349.0	71.0	457.0	665.0	439.0	164.0	60.0	360.0	817.0	867.0	275.0	387.0	785.0	545.0	547.0	686.0	376.0
ENSG00000108883	EFTUD2	15.0	20.0	42.0	30.0	24.0	19.0	34.0	25.0	38.0	26.0	11.0	14.0	9.0	26.0	42.0	24.0	4.0	33.0	18.0	28.0	10.0	8.0	19.0	29.0	34.0	17.0	39.0	36.0	49.0	26.0	42.0	31.0
ENSG00000109606	DHX15	42.0	50.0	166.0	53.0	66.0	50.0	109.0	73.0	81.0	83.0	19.0	39.0	27.0	71.0	114.0	83.0	15.0	93.0	75.0	91.0	24.0	9.0	58.0	80.0	80.0	60.0	66.0	88.0	94.0	73.0	103.0	81.0
ENSG00000109971	HSPA8	393.0	947.0	415.0	1145.0	540.0	560.0	523.0	679.0	858.0	1068.0	399.0	715.0	507.0	659.0	932.0	664.0	156.0	827.0	626.0	585.0	271.0	453.0	571.0	880.0	684.0	459.0	706.0	906.0	1236.0	856.0	965.0	252.0
ENSG00000110107	PRPF19	59.0	123.0	123.0	174.0	101.0	77.0	162.0	114.0	193.0	101.0	33.0	49.0	41.0	96.0	174.0	211.0	24.0	131.0	179.0	111.0	62.0	22.0	87.0	135.0	141.0	77.0	85.0	152.0	173.0	108.0	154.0	157.0
ENSG00000111196	MAGOHB	7.0	9.0	8.0	7.0	8.0	5.0	18.0	7.0	11.0	8.0	2.0	5.0	4.0	9.0	15.0	15.0	0.8	11.0	12.0	9.0	3.0	0.6	8.0	11.0	11.0	7.0	9.0	13.0	10.0	8.0	15.0	10.0
ENSG00000111786	SRSF9	29.0	43.0	67.0	32.0	42.0	36.0	57.0	41.0	57.0	47.0	8.0	29.0	17.0	47.0	71.0	56.0	13.0	63.0	57.0	46.0	20.0	6.0	38.0	44.0	70.0	36.0	59.0	59.0	77.0	44.0	60.0	45.0
ENSG00000112081	SRSF3	87.0	113.0	254.0	69.0	102.0	80.0	224.0	125.0	171.0	140.0	44.0	56.0	48.0	127.0	213.0	235.0	19.0	173.0	140.0	131.0	56.0	14.0	99.0	150.0	138.0	87.0	108.0	162.0	187.0	142.0	160.0	98.0
ENSG00000113593	PPWD1	31.0	25.0	46.0	30.0	28.0	24.0	81.0	24.0	46.0	44.0	13.0	17.0	11.0	45.0	80.0	67.0	5.0	49.0	44.0	39.0	14.0	8.0	32.0	37.0	62.0	30.0	55.0	51.0	44.0	37.0	64.0	48.0
ENSG00000114503	NCBP2	52.0	65.0	33.0	71.0	49.0	34.0	75.0	46.0	67.0	66.0	21.0	41.0	18.0	54.0	76.0	67.0	7.0	52.0	65.0	54.0	19.0	12.0	38.0	60.0	62.0	38.0	49.0	89.0	60.0	66.0	71.0	47.0
ENSG00000115128	SF3B6	93.0	116.0	200.0	75.0	127.0	114.0	156.0	132.0	140.0	118.0	48.0	78.0	61.0	107.0	156.0	143.0	16.0	142.0	138.0	129.0	53.0	21.0	116.0	128.0	101.0	87.0	114.0	173.0	163.0	140.0	114.0	87.0
ENSG00000115524	SF3B1	140.0	175.0	350.0	120.0	143.0	148.0	496.0	155.0	261.0	265.0	70.0	97.0	67.0	272.0	389.0	341.0	35.0	242.0	228.0	197.0	93.0	39.0	189.0	184.0	336.0	146.0	171.0	257.0	229.0	202.0	278.0	203.0
ENSG00000115875	SRSF7	86.0	118.0	286.0	103.0	79.0	114.0	289.0	98.0	174.0	130.0	27.0	49.0	37.0	148.0	287.0	210.0	19.0	144.0	138.0	112.0	58.0	15.0	130.0	144.0	169.0	75.0	120.0	134.0	155.0	108.0	193.0	116.0
ENSG00000116350	SRSF4	32.0	34.0	82.0	28.0	29.0	37.0	61.0	32.0	44.0	46.0	15.0	19.0	17.0	49.0	61.0	59.0	7.0	68.0	45.0	33.0	20.0	14.0	39.0	47.0	57.0	31.0	36.0	53.0	35.0	42.0	52.0	57.0
ENSG00000116752	BCAS2	71.0	123.0	130.0	144.0	88.0	56.0	124.0	78.0	85.0	112.0	44.0	73.0	57.0	93.0	109.0	111.0	13.0	84.0	115.0	74.0	37.0	48.0	62.0	78.0	79.0	64.0	109.0	148.0	92.0	101.0	92.0	85.0
ENSG00000116754	SRSF11	79.0	117.0	231.0	76.0	65.0	77.0	239.0	71.0	112.0	141.0	27.0	43.0	38.0	118.0	213.0	152.0	17.0	106.0	152.0	91.0	45.0	25.0	94.0	91.0	154.0	73.0	148.0	145.0	107.0	80.0	136.0	179.0
ENSG00000117360	PRPF3	28.0	37.0	81.0	25.0	24.0	25.0	97.0	20.0	47.0	42.0	11.0	15.0	10.0	54.0	70.0	76.0	7.0	38.0	52.0	37.0	15.0	7.0	31.0	38.0	61.0	26.0	45.0	57.0	39.0	30.0	49.0	46.0
ENSG00000117614	SYF2	60.0	57.0	122.0	36.0	60.0	52.0	103.0	40.0	84.0	61.0	24.0	53.0	18.0	61.0	86.0	162.0	9.0	74.0	59.0	61.0	27.0	16.0	56.0	54.0	79.0	38.0	40.0	99.0	83.0	69.0	66.0	46.0
ENSG00000119203	CPSF3	20.0	24.0	32.0	27.0	31.0	21.0	38.0	32.0	36.0	32.0	8.0	21.0	14.0	27.0	49.0	24.0	5.0	34.0	26.0	33.0	9.0	5.0	22.0	38.0	33.0	22.0	119.0	46.0	58.0	36.0	40.0	37.0
ENSG00000119953	SMNDC1	19.0	25.0	51.0	20.0	20.0	17.0	39.0	28.0	27.0	30.0	9.0	15.0	12.0	26.0	34.0	29.0	3.0	35.0	26.0	20.0	8.0	9.0	20.0	27.0	31.0	18.0	30.0	32.0	29.0	29.0	36.0	24.0
ENSG00000120688	WBP4	42.0	48.0	32.0	53.0	22.0	25.0	76.0	31.0	30.0	34.0	28.0	21.0	18.0	39.0	43.0	49.0	5.0	36.0	48.0	21.0	12.0	26.0	29.0	49.0	30.0	18.0	43.0	46.0	28.0	33.0	32.0	32.0
ENSG00000122566	HNRNPA2B1	226.0	332.0	345.0	235.0	284.0	248.0	576.0	182.0	294.0	313.0	110.0	186.0	145.0	319.0	672.0	421.0	45.0	393.0	357.0	303.0	123.0	138.0	292.0	286.0	449.0	236.0	346.0	349.0	413.0	256.0	492.0	215.0
ENSG00000124193	SRSF6	130.0	218.0	317.0	123.0	117.0	138.0	367.0	98.0	262.0	218.0	48.0	95.0	66.0	187.0	268.0	328.0	36.0	204.0	301.0	162.0	94.0	23.0	145.0	209.0	234.0	128.0	167.0	266.0	154.0	162.0	214.0	196.0
ENSG00000124380	SNRNP27	37.0	50.0	47.0	62.0	27.0	22.0	61.0	33.0	46.0	52.0	28.0	20.0	15.0	40.0	58.0	45.0	6.0	56.0	48.0	30.0	17.0	22.0	27.0	37.0	39.0	21.0	36.0	66.0	42.0	39.0	45.0	25.0
ENSG00000124562	SNRPC	65.0	71.0	180.0	64.0	91.0	93.0	112.0	68.0	150.0	84.0	87.0	56.0	45.0	96.0	157.0	120.0	22.0	138.0	97.0	79.0	53.0	48.0	91.0	96.0	96.0	70.0	182.0	131.0	128.0	89.0	120.0	70.0
ENSG00000125351	UPF3B	15.0	19.0	19.0	29.0	18.0	22.0	39.0	20.0	27.0	23.0	6.0	14.0	9.0	23.0	39.0	32.0	3.0	25.0	27.0	22.0	8.0	6.0	18.0	23.0	28.0	16.0	25.0	34.0	32.0	22.0	31.0	31.0
ENSG00000125651	GTF2F1	51.0	55.0	114.0	111.0	58.0	59.0	106.0	57.0	130.0	71.0	25.0	57.0	21.0	79.0	89.0	194.0	17.0	81.0	86.0	45.0	48.0	14.0	65.0	67.0	93.0	55.0	137.0	124.0	61.0	66.0	76.0	54.0
ENSG00000125743	SNRPD2	94.0	115.0	187.0	91.0	130.0	80.0	162.0	79.0	231.0	102.0	61.0	81.0	43.0	121.0	249.0	292.0	18.0	164.0	142.0	120.0	58.0	44.0	87.0	150.0	164.0	83.0	137.0	135.0	222.0	123.0	167.0	83.0
ENSG00000125755	SYMPK	15.0	18.0	23.0	19.0	16.0	21.0	37.0	19.0	38.0	26.0	9.0	16.0	9.0	27.0	44.0	33.0	4.0	37.0	26.0	17.0	16.0	8.0	20.0	26.0	46.0	21.0	78.0	35.0	25.0	23.0	36.0	28.0
ENSG00000125835	SNRPB	65.0	94.0	338.0	44.0	78.0	122.0	172.0	169.0	191.0	142.0	37.0	29.0	26.0	129.0	285.0	138.0	20.0	175.0	123.0	101.0	67.0	20.0	103.0	156.0	176.0	101.0	133.0	141.0	217.0	149.0	177.0	186.0
ENSG00000125870	SNRPB2	48.0	56.0	82.0	53.0	52.0	40.0	89.0	42.0	64.0	62.0	22.0	55.0	28.0	55.0	99.0	75.0	7.0	74.0	51.0	48.0	24.0	12.0	43.0	64.0	61.0	35.0	58.0	77.0	74.0	62.0	94.0	30.0
ENSG00000125944	HNRNPR	37.0	56.0	62.0	64.0	56.0	43.0	118.0	52.0	79.0	66.0	21.0	33.0	22.0	68.0	104.0	99.0	9.0	98.0	68.0	62.0	20.0	11.0	51.0	78.0	73.0	44.0	54.0	96.0	90.0	66.0	99.0	55.0
ENSG00000126698	DNAJC8	82.0	96.0	127.0	102.0	69.0	67.0	155.0	85.0	132.0	113.0	46.0	70.0	43.0	110.0	170.0	132.0	9.0	150.0	110.0	92.0	37.0	19.0	69.0	143.0	126.0	58.0	81.0	158.0	163.0	127.0	128.0	76.0
ENSG00000126945	HNRNPH2	114.0	191.0	143.0	236.0	141.0	128.0	255.0	151.0	210.0	184.0	71.0	133.0	81.0	175.0	173.0	175.0	20.0	187.0	172.0	157.0	48.0	40.0	137.0	219.0	167.0	107.0	81.0	230.0	194.0	185.0	218.0	135.0
ENSG00000128534	LSM8	11.0	13.0	32.0	11.0	16.0	17.0	26.0	11.0	18.0	18.0	5.0	8.0	5.0	17.0	33.0	18.0	2.0	19.0	22.0	19.0	7.0	3.0	16.0	16.0	28.0	17.0	15.0	22.0	30.0	15.0	33.0	18.0
ENSG00000128739	SNRPN	6.0	29.0	6.0	63.0	7.0	6.0	20.0	12.0	39.0	62.0	51.0	20.0	4.0	16.0	22.0	36.0	4.0	8.0	35.0	8.0	15.0	7.0	6.0	20.0	16.0	7.0	16.0	122.0	16.0	19.0	9.0	8.0
ENSG00000130332	LSM7	16.0	25.0	68.0	25.0	47.0	44.0	24.0	14.0	37.0	24.0	6.0	19.0	13.0	32.0	74.0	49.0	5.0	47.0	36.0	25.0	14.0	8.0	39.0	20.0	71.0	39.0	28.0	19.0	43.0	20.0	63.0	21.0
ENSG00000130520	LSM4	17.0	41.0	44.0	36.0	43.0	36.0	26.0	21.0	42.0	20.0	15.0	32.0	14.0	34.0	47.0	26.0	5.0	43.0	34.0	36.0	15.0	17.0	41.0	25.0	52.0	40.0	75.0	40.0	35.0	26.0	41.0	25.0
ENSG00000131013	PPIL4	36.0	59.0	59.0	41.0	47.0	31.0	86.0	36.0	53.0	66.0	17.0	37.0	30.0	49.0	53.0	74.0	8.0	65.0	59.0	41.0	19.0	5.0	34.0	54.0	51.0	38.0	58.0	98.0	46.0	54.0	56.0	33.0
ENSG00000131876	SNRPA1	16.0	19.0	91.0	19.0	18.0	24.0	41.0	20.0	23.0	26.0	8.0	10.0	9.0	27.0	68.0	26.0	4.0	35.0	26.0	31.0	12.0	5.0	29.0	25.0	48.0	20.0	46.0	31.0	43.0	16.0	47.0	31.0
ENSG00000132792	CTNNBL1	25.0	21.0	38.0	33.0	24.0	23.0	49.0	29.0	44.0	34.0	17.0	20.0	23.0	41.0	58.0	44.0	4.0	35.0	35.0	27.0	12.0	8.0	24.0	44.0	88.0	36.0	70.0	34.0	51.0	30.0	43.0	30.0
ENSG00000133226	SRRM1	34.0	45.0	72.0	51.0	29.0	37.0	132.0	37.0	79.0	47.0	20.0	20.0	18.0	57.0	74.0	135.0	8.0	66.0	102.0	38.0	25.0	20.0	41.0	51.0	80.0	33.0	76.0	63.0	45.0	40.0	56.0	58.0
ENSG00000134453	RBM17	45.0	40.0	83.0	53.0	41.0	41.0	100.0	35.0	70.0	55.0	18.0	27.0	19.0	71.0	85.0	67.0	9.0	73.0	48.0	49.0	17.0	19.0	48.0	58.0	80.0	34.0	62.0	58.0	55.0	46.0	71.0	46.0
ENSG00000134748	PRPF38A	22.0	29.0	55.0	44.0	37.0	27.0	76.0	31.0	57.0	34.0	10.0	22.0	13.0	45.0	69.0	73.0	5.0	43.0	44.0	38.0	14.0	5.0	34.0	41.0	46.0	26.0	47.0	58.0	48.0	32.0	49.0	39.0
ENSG00000135486	HNRNPA1	167.0	230.0	651.0	142.0	231.0	223.0	598.0	187.0	406.0	235.0	78.0	146.0	63.0	243.0	560.0	1039.0	43.0	343.0	265.0	277.0	104.0	48.0	235.0	314.0	347.0	232.0	156.0	295.0	448.0	274.0	406.0	255.0
ENSG00000135829	DHX9	71.0	88.0	247.0	110.0	96.0	67.0	186.0	90.0	154.0	119.0	31.0	86.0	36.0	116.0	172.0	177.0	16.0	124.0	108.0	119.0	41.0	15.0	78.0	177.0	123.0	78.0	170.0	187.0	166.0	109.0	151.0	89.0
ENSG00000136450	SRSF1	47.0	88.0	53.0	60.0	77.0	67.0	117.0	94.0	89.0	103.0	27.0	37.0	36.0	78.0	165.0	64.0	12.0	95.0	82.0	105.0	33.0	9.0	65.0	93.0	79.0	50.0	59.0	119.0	167.0	103.0	134.0	79.0
ENSG00000136527	TRA2B	32.0	45.0	177.0	30.0	35.0	29.0	78.0	42.0	53.0	57.0	11.0	23.0	18.0	46.0	84.0	67.0	8.0	63.0	48.0	40.0	19.0	6.0	34.0	54.0	58.0	30.0	51.0	65.0	64.0	43.0	61.0	47.0
ENSG00000136709	WDR33	11.0	14.0	11.0	13.0	12.0	11.0	24.0	13.0	19.0	15.0	6.0	11.0	8.0	17.0	27.0	20.0	3.0	17.0	19.0	14.0	8.0	4.0	13.0	18.0	23.0	11.0	27.0	22.0	20.0	15.0	21.0	21.0
ENSG00000136875	PRPF4	18.0	39.0	24.0	29.0	26.0	21.0	51.0	33.0	43.0	38.0	10.0	26.0	17.0	31.0	44.0	45.0	7.0	40.0	37.0	29.0	15.0	8.0	20.0	41.0	38.0	21.0	40.0	40.0	46.0	35.0	51.0	31.0
ENSG00000136937	NCBP1	21.0	28.0	44.0	45.0	42.0	26.0	44.0	30.0	35.0	40.0	13.0	19.0	18.0	29.0	56.0	39.0	6.0	40.0	35.0	47.0	15.0	7.0	27.0	42.0	36.0	26.0	58.0	58.0	48.0	37.0	46.0	36.0
ENSG00000137168	PPIL1	16.0	87.0	21.0	65.0	27.0	24.0	48.0	37.0	62.0	43.0	44.0	25.0	20.0	26.0	54.0	60.0	6.0	60.0	51.0	38.0	26.0	8.0	24.0	71.0	28.0	26.0	74.0	111.0	57.0	48.0	57.0	20.0
ENSG00000138668	HNRNPD	70.0	78.0	207.0	86.0	79.0	92.0	172.0	74.0	106.0	94.0	27.0	52.0	38.0	95.0	223.0	140.0	15.0	124.0	110.0	94.0	47.0	21.0	97.0	97.0	137.0	89.0	75.0	100.0	169.0	83.0	147.0	112.0
ENSG00000139343	SNRPF	17.0	19.0	35.0	23.0	29.0	19.0	26.0	15.0	21.0	14.0	7.0	18.0	17.0	19.0	35.0	25.0	2.0	28.0	25.0	21.0	8.0	6.0	20.0	22.0	24.0	21.0	23.0	18.0	30.0	14.0	34.0	18.0
ENSG00000140829	DHX38	28.0	26.0	57.0	35.0	29.0	30.0	65.0	34.0	52.0	40.0	15.0	20.0	12.0	47.0	64.0	58.0	6.0	48.0	39.0	33.0	17.0	13.0	32.0	42.0	64.0	29.0	52.0	44.0	42.0	34.0	56.0	54.0
ENSG00000141543	EIF4A3	24.0	85.0	103.0	31.0	41.0	29.0	63.0	57.0	62.0	54.0	13.0	28.0	18.0	39.0	71.0	82.0	7.0	65.0	48.0	43.0	16.0	5.0	30.0	49.0	50.0	27.0	54.0	52.0	72.0	60.0	63.0	49.0
ENSG00000141759	TXNL4A	19.0	24.0	18.0	40.0	24.0	14.0	15.0	18.0	21.0	17.0	9.0	16.0	10.0	21.0	29.0	12.0	7.0	21.0	22.0	18.0	14.0	9.0	16.0	18.0	19.0	18.0	29.0	26.0	21.0	19.0	25.0	22.0
ENSG00000143294	PRCC	27.0	31.0	38.0	48.0	30.0	28.0	58.0	35.0	57.0	40.0	16.0	23.0	11.0	44.0	56.0	47.0	7.0	59.0	40.0	30.0	20.0	15.0	33.0	48.0	57.0	30.0	49.0	58.0	40.0	41.0	48.0	45.0
ENSG00000143368	SF3B4	55.0	55.0	99.0	45.0	58.0	61.0	112.0	71.0	140.0	82.0	22.0	37.0	17.0	86.0	94.0	113.0	11.0	101.0	68.0	70.0	35.0	7.0	69.0	104.0	96.0	53.0	123.0	100.0	96.0	78.0	96.0	105.0
ENSG00000143977	SNRPG	24.0	44.0	49.0	23.0	41.0	26.0	34.0	15.0	22.0	20.0	11.0	41.0	26.0	28.0	55.0	27.0	4.0	51.0	32.0	30.0	17.0	10.0	30.0	26.0	39.0	33.0	34.0	29.0	37.0	21.0	56.0	15.0
ENSG00000144028	SNRNP200	50.0	57.0	132.0	67.0	64.0	57.0	158.0	66.0	136.0	87.0	28.0	48.0	27.0	95.0	134.0	164.0	16.0	108.0	87.0	74.0	47.0	24.0	59.0	105.0	114.0	64.0	134.0	126.0	111.0	79.0	104.0	91.0
ENSG00000144231	POLR2D	14.0	16.0	20.0	29.0	17.0	11.0	20.0	18.0	24.0	17.0	7.0	12.0	12.0	18.0	31.0	31.0	4.0	22.0	20.0	17.0	7.0	10.0	12.0	23.0	23.0	13.0	72.0	21.0	28.0	20.0	25.0	17.0
ENSG00000145216	FIP1L1	6.0	10.0	17.0	14.0	9.0	6.0	17.0	10.0	15.0	12.0	5.0	7.0	5.0	10.0	17.0	21.0	1.0	15.0	10.0	10.0	5.0	2.0	8.0	14.0	14.0	9.0	28.0	17.0	15.0	13.0	12.0	12.0
ENSG00000145833	DDX46	23.0	28.0	28.0	31.0	30.0	24.0	53.0	31.0	35.0	38.0	9.0	25.0	14.0	35.0	56.0	42.0	7.0	35.0	37.0	36.0	13.0	12.0	29.0	40.0	41.0	29.0	39.0	49.0	43.0	33.0	51.0	41.0
ENSG00000147274	RBMX	74.0	86.0	145.0	60.0	79.0	93.0	313.0	81.0	185.0	117.0	37.0	50.0	26.0	110.0	221.0	351.0	14.0	104.0	132.0	116.0	39.0	18.0	94.0	170.0	157.0	85.0	65.0	174.0	172.0	111.0	153.0	112.0
ENSG00000147669	POLR2K	68.0	110.0	66.0	90.0	77.0	46.0	104.0	62.0	74.0	84.0	37.0	74.0	47.0	84.0	97.0	81.0	10.0	83.0	95.0	70.0	34.0	16.0	51.0	72.0	74.0	56.0	60.0	117.0	75.0	90.0	77.0	41.0
ENSG00000149532	CPSF7	46.0	59.0	74.0	63.0	37.0	47.0	160.0	51.0	104.0	72.0	23.0	37.0	25.0	84.0	103.0	128.0	13.0	78.0	76.0	61.0	35.0	22.0	56.0	103.0	92.0	42.0	85.0	106.0	72.0	59.0	77.0	85.0
ENSG00000150316	CWC15	40.0	57.0	84.0	71.0	45.0	37.0	70.0	38.0	56.0	44.0	28.0	47.0	35.0	51.0	79.0	70.0	9.0	70.0	58.0	38.0	33.0	42.0	41.0	47.0	57.0	39.0	119.0	76.0	53.0	47.0	56.0	45.0
ENSG00000153015	CWC27	20.0	23.0	24.0	33.0	22.0	13.0	39.0	21.0	27.0	24.0	13.0	17.0	9.0	19.0	26.0	39.0	3.0	27.0	26.0	23.0	9.0	9.0	17.0	28.0	25.0	14.0	42.0	32.0	28.0	26.0	28.0	21.0
ENSG00000153187	HNRNPU	49.0	71.0	126.0	72.0	54.0	42.0	117.0	48.0	81.0	80.0	20.0	43.0	32.0	72.0	113.0	105.0	10.0	82.0	73.0	65.0	30.0	14.0	49.0	72.0	87.0	50.0	81.0	102.0	90.0	61.0	91.0	60.0
ENSG00000160201	U2AF1			5.0																						0.5						0.6	
ENSG00000160917	CPSF4	20.0	15.0	24.0	19.0	10.0	14.0	25.0	17.0	23.0	17.0	6.0	8.0	4.0	19.0	34.0	23.0	6.0	24.0	19.0	13.0	11.0	7.0	13.0	19.0	24.0	10.0	43.0	21.0	21.0	16.0	21.0	25.0
ENSG00000161265	U2AF1L4	6.0	6.0	14.0	6.0	4.0	7.0	14.0	8.0	10.0	11.0	4.0	2.0	2.0	10.0	15.0	12.0	2.0	7.0	10.0	9.0	4.0	3.0	6.0	10.0	17.0	6.0	9.0	17.0	9.0	6.0	12.0	8.0
ENSG00000161547	SRSF2	119.0	181.0	352.0	124.0	131.0	175.0	298.0	175.0	211.0	208.0	55.0	80.0	57.0	199.0	408.0	201.0	28.0	230.0	193.0	211.0	73.0	41.0	164.0	199.0	248.0	130.0	169.0	181.0	272.0	164.0	266.0	234.0
ENSG00000162385	MAGOH	39.0	53.0	82.0	32.0	54.0	43.0	77.0	30.0	60.0	37.0	16.0	40.0	35.0	51.0	86.0	54.0	8.0	75.0	58.0	46.0	23.0	9.0	46.0	51.0	60.0	39.0	42.0	58.0	81.0	41.0	65.0	37.0
ENSG00000163510	CWC22	29.0	33.0	28.0	35.0	33.0	24.0	72.0	39.0	49.0	53.0	13.0	28.0	24.0	43.0	68.0	70.0	5.0	48.0	44.0	31.0	17.0	8.0	30.0	55.0	49.0	28.0	34.0	70.0	48.0	48.0	51.0	37.0
ENSG00000163714	U2SURP	31.0	37.0	87.0	41.0	37.0	30.0	103.0	34.0	62.0	52.0	14.0	23.0	15.0	50.0	80.0	101.0	7.0	49.0	58.0	42.0	21.0	8.0	37.0	45.0	60.0	34.0	60.0	71.0	43.0	43.0	55.0	51.0
ENSG00000163882	POLR2H	22.0	34.0	23.0	18.0	38.0	49.0	50.0	23.0	51.0	36.0	10.0	24.0	14.0	36.0	38.0	42.0	7.0	47.0	38.0	47.0	17.0	5.0	52.0	37.0	40.0	34.0	32.0	50.0	29.0	29.0	37.0	35.0
ENSG00000164167	LSM6	19.0	10.0	12.0	11.0	12.0	11.0	15.0	7.0	10.0	9.0	3.0	8.0	8.0	16.0	30.0	13.0	1.0	16.0	15.0	9.0	5.0	3.0	12.0	9.0	22.0	12.0	13.0	7.0	21.0	11.0	18.0	8.0
ENSG00000164609	SLU7	31.0	48.0	73.0	81.0	37.0	31.0	59.0	44.0	51.0	52.0	23.0	34.0	18.0	54.0	61.0	54.0	6.0	51.0	45.0	40.0	26.0	15.0	38.0	46.0	63.0	42.0	66.0	92.0	59.0	49.0	48.0	47.0
ENSG00000165119	HNRNPK	292.0	404.0	668.0	330.0	331.0	294.0	571.0	380.0	477.0	494.0	152.0	247.0	200.0	389.0	570.0	520.0	61.0	487.0	414.0	337.0	163.0	77.0	325.0	469.0	449.0	274.0	338.0	570.0	506.0	441.0	533.0	352.0
ENSG00000165494	PCF11	24.0	27.0	49.0	21.0	24.0	26.0	64.0	27.0	41.0	40.0	9.0	17.0	10.0	38.0	65.0	55.0	5.0	29.0	41.0	28.0	15.0	7.0	30.0	51.0	59.0	26.0	42.0	53.0	38.0	32.0	52.0	42.0
ENSG00000165934	CPSF2	12.0	18.0	8.0	18.0	18.0	13.0	22.0	23.0	21.0	24.0	7.0	11.0	8.0	18.0	25.0	17.0	3.0	20.0	23.0	18.0	9.0	6.0	14.0	25.0	23.0	13.0	31.0	35.0	27.0	25.0	29.0	16.0
ENSG00000167005	NUDT21	50.0	76.0	68.0	132.0	67.0	66.0	151.0	76.0	118.0	79.0	31.0	53.0	23.0	79.0	112.0	161.0	10.0	93.0	81.0	70.0	28.0	10.0	60.0	93.0	86.0	54.0	94.0	122.0	107.0	91.0	91.0	68.0
ENSG00000167088	SNRPD1	10.0	18.0	37.0	30.0	24.0	15.0	23.0	19.0	21.0	18.0	6.0	12.0	9.0	15.0	46.0	24.0	3.0	30.0	18.0	24.0	7.0	7.0	17.0	22.0	21.0	17.0	25.0	25.0	42.0	21.0	33.0	15.0
ENSG00000167978	SRRM2	170.0	196.0	458.0	142.0	126.0	253.0	480.0	153.0	384.0	306.0	77.0	78.0	44.0	342.0	333.0	385.0	58.0	248.0	293.0	224.0	253.0	128.0	274.0	266.0	486.0	260.0	226.0	319.0	187.0	196.0	325.0	423.0
ENSG00000168002	POLR2G	45.0	57.0	73.0	65.0	42.0	39.0	87.0	40.0	90.0	59.0	26.0	38.0	24.0	66.0	117.0	77.0	8.0	86.0	72.0	62.0	24.0	11.0	40.0	83.0	86.0	40.0	49.0	75.0	128.0	66.0	82.0	55.0
ENSG00000168066	SF1	107.0	105.0	357.0	113.0	83.0	92.0	210.0	102.0	205.0	150.0	40.0	61.0	48.0	149.0	252.0	234.0	29.0	154.0	173.0	98.0	73.0	45.0	100.0	166.0	240.0	95.0	209.0	187.0	157.0	110.0	178.0	141.0
ENSG00000168438	CDC40	13.0	21.0	41.0	23.0	16.0	14.0	27.0	16.0	23.0	22.0	6.0	17.0	11.0	20.0	34.0	31.0	3.0	16.0	24.0	17.0	8.0	4.0	15.0	20.0	28.0	16.0	21.0	35.0	26.0	23.0	28.0	13.0
ENSG00000168883	USP39	27.0	28.0	64.0	32.0	34.0	27.0	58.0	39.0	56.0	42.0	19.0	24.0	14.0	46.0	59.0	46.0	6.0	67.0	43.0	40.0	16.0	19.0	29.0	55.0	47.0	26.0	45.0	63.0	59.0	43.0	47.0	38.0
ENSG00000169045	HNRNPH1	131.0	164.0	577.0	91.0	125.0	173.0	374.0	124.0	181.0	233.0	39.0	63.0	53.0	245.0	513.0	266.0	38.0	177.0	249.0	196.0	90.0	30.0	187.0	177.0	358.0	155.0	180.0	261.0	245.0	155.0	361.0	250.0
ENSG00000169217	CD2BP2	37.0	61.0	40.0	84.0	43.0	45.0	97.0	40.0	92.0	60.0	25.0	38.0	15.0	74.0	88.0	78.0	9.0	68.0	63.0	50.0	23.0	14.0	47.0	76.0	89.0	43.0	56.0	89.0	91.0	58.0	81.0	52.0
ENSG00000169564	PCBP1	152.0	143.0	254.0	86.0	133.0	128.0	263.0	173.0	196.0	193.0	84.0	144.0	113.0	176.0	278.0	132.0	45.0	272.0	156.0	58.0	91.0	142.0	143.0	153.0	298.0	139.0	159.0	230.0	135.0	166.0	193.0	82.0
ENSG00000169813	HNRNPF	149.0	142.0	213.0	83.0	209.0	222.0	233.0	208.0	300.0	227.0	54.0	134.0	136.0	245.0	383.0	203.0	33.0	286.0	221.0	217.0	78.0	28.0	238.0	213.0	294.0	219.0	257.0	213.0	320.0	291.0	337.0	211.0
ENSG00000169976	SF3B5	128.0	202.0	373.0	139.0	191.0	154.0	211.0	165.0	341.0	181.0	113.0	129.0	74.0	200.0	298.0	288.0	45.0	239.0	169.0	180.0	120.0	60.0	166.0	201.0	207.0	138.0	173.0	309.0	253.0	202.0	222.0	158.0
ENSG00000170144	HNRNPA3	102.0	132.0	161.0	162.0	135.0	102.0	363.0	124.0	174.0	148.0	34.0	74.0	53.0	184.0	251.0	248.0	19.0	194.0	206.0	161.0	67.0	34.0	127.0	160.0	237.0	114.0	137.0	270.0	177.0	111.0	227.0	164.0
ENSG00000170860	LSM3	30.0	28.0	35.0	31.0	40.0	25.0	40.0	24.0	31.0	25.0	21.0	50.0	24.0	27.0	48.0	33.0	5.0	41.0	35.0	28.0	13.0	17.0	30.0	25.0	31.0	24.0	42.0	43.0	35.0	32.0	37.0	27.0
ENSG00000171566	PLRG1	30.0	35.0	22.0	47.0	32.0	28.0	68.0	45.0	63.0	46.0	15.0	29.0	19.0	41.0	52.0	57.0	5.0	40.0	46.0	39.0	18.0	8.0	32.0	64.0	44.0	26.0	34.0	76.0	52.0	39.0	47.0	39.0
ENSG00000171960	PPIH	15.0	19.0	43.0	16.0	23.0	21.0	32.0	20.0	30.0	25.0	9.0	9.0	6.0	24.0	49.0	27.0	3.0	28.0	24.0	30.0	9.0	3.0	20.0	20.0	35.0	16.0	34.0	35.0	45.0	20.0	29.0	25.0
ENSG00000172409	CLP1	11.0	11.0	36.0	7.0	14.0	13.0	16.0	13.0	18.0	14.0	5.0	11.0	8.0	18.0	23.0	15.0	3.0	19.0	10.0	15.0	6.0	2.0	11.0	19.0	15.0	11.0	18.0	18.0	25.0	16.0	24.0	13.0
ENSG00000174231	PRPF8	71.0	110.0	125.0	88.0	84.0	59.0	203.0	93.0	173.0	100.0	39.0	58.0	38.0	137.0	136.0	224.0	20.0	124.0	110.0	95.0	47.0	37.0	67.0	140.0	130.0	80.0	153.0	168.0	122.0	95.0	120.0	120.0
ENSG00000174243	DDX23	42.0	50.0	38.0	53.0	62.0	55.0	97.0	59.0	100.0	75.0	19.0	41.0	29.0	78.0	108.0	104.0	13.0	86.0	70.0	69.0	30.0	20.0	62.0	79.0	97.0	55.0	74.0	86.0	90.0	75.0	95.0	69.0
ENSG00000175467	SART1	24.0	28.0	86.0	45.0	25.0	29.0	46.0	25.0	50.0	28.0	16.0	19.0	14.0	54.0	62.0	64.0	9.0	58.0	40.0	17.0	26.0	14.0	30.0	34.0	73.0	27.0	54.0	40.0	29.0	25.0	52.0	44.0
ENSG00000176102	CSTF3	10.0	19.0	8.0	24.0	19.0	14.0	31.0	15.0	26.0	24.0	7.0	12.0	12.0	18.0	30.0	20.0	2.0	22.0	24.0	21.0	7.0	4.0	16.0	19.0	24.0	14.0	46.0	29.0	24.0	23.0	30.0	18.0
ENSG00000177613	CSTF2T	28.0	41.0	33.0	62.0	31.0	30.0	58.0	28.0	66.0	45.0	20.0	26.0	17.0	38.0	74.0	72.0	8.0	45.0	43.0	30.0	16.0	14.0	31.0	45.0	63.0	27.0	41.0	56.0	52.0	40.0	68.0	35.0
ENSG00000177700	POLR2L	215.0	118.0	94.0	68.0	96.0	73.0	48.0	32.0	63.0	47.0	64.0	122.0	65.0	142.0	81.0	60.0	43.0	108.0	128.0	30.0	80.0	79.0	79.0	44.0	125.0	99.0	73.0	45.0	34.0	44.0	96.0	27.0
ENSG00000177733	HNRNPA0	40.0	54.0	67.0	61.0	36.0	27.0	84.0	27.0	67.0	38.0	14.0	24.0	17.0	59.0	40.0	96.0	9.0	54.0	47.0	30.0	16.0	9.0	32.0	63.0	59.0	36.0	47.0	46.0	44.0	31.0	45.0	27.0
ENSG00000179950	PUF60	35.0	42.0	61.0	67.0	34.0	41.0	68.0	42.0	126.0	46.0	25.0	26.0	21.0	57.0	61.0	51.0	10.0	58.0	57.0	29.0	27.0	16.0	41.0	52.0	58.0	35.0	71.0	53.0	42.0	45.0	55.0	53.0
ENSG00000181222	POLR2A	61.0	82.0	154.0	107.0	49.0	52.0	140.0	68.0	124.0	107.0	25.0	50.0	23.0	93.0	113.0	119.0	16.0	99.0	84.0	61.0	37.0	15.0	51.0	122.0	117.0	56.0	264.0	129.0	87.0	83.0	101.0	140.0
ENSG00000182004	SNRPE	51.0	78.0	89.0	56.0	78.0	41.0	94.0	37.0	70.0	42.0	15.0	53.0	38.0	47.0	85.0	112.0	8.0	76.0	63.0	52.0	24.0	16.0	50.0	54.0	56.0	49.0	54.0	50.0	80.0	54.0	86.0	38.0
ENSG00000183431	SF3A3	34.0	42.0	80.0	39.0	40.0	30.0	78.0	42.0	72.0	50.0	14.0	31.0	19.0	47.0	73.0	68.0	8.0	53.0	50.0	51.0	21.0	25.0	34.0	78.0	59.0	28.0	68.0	71.0	84.0	53.0	66.0	52.0
ENSG00000183684	ALYREF	36.0	33.0	186.0	39.0	49.0	39.0	62.0	46.0	61.0	40.0	19.0	22.0	16.0	59.0	119.0	50.0	7.0	83.0	52.0	37.0	21.0	13.0	44.0	38.0	76.0	35.0	141.0	59.0	89.0	47.0	99.0	45.0
ENSG00000185250	PPIL6		0.8		5.0	1.0	0.6	5.0	1.0	51.0	1.0	0.8	4.0		6.0	0.7	9.0	0.5	0.8	1.0	1.0	0.9	0.5	0.9	2.0	1.0	2.0	24.0	19.0	0.6	0.9	0.8	1.0
ENSG00000188342	GTF2F2	14.0	29.0	25.0	28.0	23.0	18.0	30.0	23.0	20.0	25.0	16.0	10.0	8.0	18.0	27.0	24.0	3.0	24.0	26.0	25.0	11.0	9.0	16.0	29.0	21.0	14.0	32.0	30.0	27.0	25.0	24.0	46.0
ENSG00000188529	SRSF10	33.0	53.0	192.0	33.0	37.0	37.0	107.0	34.0	63.0	54.0	13.0	22.0	18.0	62.0	99.0	68.0	7.0	52.0	57.0	50.0	22.0	7.0	43.0	70.0	60.0	35.0	62.0	80.0	57.0	46.0	71.0	42.0
ENSG00000189091	SF3B3	24.0	27.0	30.0	37.0	29.0	22.0	63.0	44.0	68.0	37.0	15.0	21.0	15.0	39.0	69.0	82.0	7.0	47.0	34.0	33.0	13.0	7.0	25.0	59.0	47.0	26.0	34.0	59.0	80.0	40.0	53.0	63.0
ENSG00000196504	PRPF40A	31.0	37.0	88.0	32.0	42.0	38.0	73.0	52.0	50.0	55.0	12.0	30.0	22.0	48.0	77.0	52.0	7.0	57.0	51.0	43.0	19.0	8.0	43.0	46.0	57.0	36.0	68.0	77.0	54.0	57.0	70.0	54.0
ENSG00000197111	PCBP2	56.0	80.0	162.0	46.0	48.0	66.0	119.0	67.0	122.0	104.0	35.0	70.0	42.0	81.0	111.0	137.0	20.0	89.0	68.0	74.0	39.0	24.0	65.0	91.0	97.0	56.0	101.0	153.0	107.0	75.0	75.0	99.0
ENSG00000198231	DDX42	57.0	58.0	52.0	76.0	49.0	43.0	117.0	63.0	103.0	80.0	24.0	36.0	23.0	79.0	88.0	114.0	18.0	70.0	82.0	62.0	43.0	15.0	48.0	85.0	81.0	49.0	91.0	88.0	68.0	65.0	72.0	72.0
ENSG00000204392	LSM2	35.0	39.0	54.0	44.0	54.0	39.0	74.0	34.0	74.0	43.0	17.0	28.0	20.0	49.0	87.0	67.0	7.0	60.0	44.0	51.0	15.0	16.0	37.0	65.0	67.0	41.0	61.0	59.0	84.0	48.0	72.0	33.0
ENSG00000204560	DHX16	27.0	38.0	26.0	27.0	32.0	48.0	59.0	36.0	63.0	52.0	16.0	24.0	14.0	55.0	70.0	48.0	9.0	47.0	47.0	43.0	24.0	13.0	50.0	47.0	70.0	38.0	118.0	60.0	43.0	39.0	58.0	54.0
ENSG00000205937	RNPS1	27.0	31.0	81.0	51.0	26.0	26.0	56.0	35.0	54.0	36.0	15.0	15.0	7.0	40.0	55.0	54.0	7.0	46.0	45.0	25.0	16.0	20.0	28.0	40.0	51.0	27.0	61.0	46.0	43.0	34.0	44.0	45.0
ENSG00000240344	PPIL3	11.0	22.0	27.0	24.0	21.0	16.0	37.0	20.0	35.0	22.0	9.0	14.0	15.0	21.0	46.0	48.0	3.0	26.0	26.0	22.0	10.0	5.0	20.0	20.0	33.0	24.0	28.0	37.0	36.0	25.0	33.0	23.0
ENSG00000240682	ISY1	8.0	8.0	28.0	7.0	7.0	6.0	17.0	10.0	16.0	13.0	4.0	4.0	2.0	11.0	20.0	16.0	1.0	14.0	10.0	8.0	5.0	2.0	7.0	13.0	14.0	5.0	9.0	15.0	14.0	13.0	11.0	13.0
ENSG00000265241	RBM8A	19.0	33.0	38.0	44.0	27.0	21.0	48.0	48.0	52.0	37.0	13.0	27.0	15.0	41.0	51.0	45.0	4.0	40.0	38.0	24.0	15.0	10.0	25.0	35.0	42.0	22.0	34.0	62.0	48.0	36.0	44.0	50.0
ENSG00000273559	CWC25	22.0	29.0	143.0	20.0	21.0	27.0	48.0	25.0	28.0	37.0	8.0	21.0	14.0	42.0	46.0	32.0	6.0	34.0	33.0	22.0	14.0	7.0	28.0	36.0	45.0	22.0	61.0	37.0	31.0	29.0	47.0	44.0
